language,tweet_count
English,187810
Russian,37864
Italian,5986
Ukrainian,2544
United States,1604
German,1259
Serbian,600
Uzbek,580
Arabic,569
Bulgarian,546
French,529
Unknown,450
Spanish,396
Macedonian,369
Italy,229
Dutch,168
Romanian,132
Norwegian,126
Vietnamese,105
Farsi (Persian),105
Estonian,96
Catalan,76
Azerbaijan,76
Japanese,74
United Arab Emirates,66
Portuguese,64
Albanian,51
Swedish,50
Croatian,46
Pushto,44
Russian Federation,40
Turkish,35
Finnish,33
LANGUAGE UNDEFINED,33
Icelandic,31
Tagalog (Filipino),27
Polish,25
Latvian,22
Lithuanian,21
Somali,20
Hindi,18
Ukraine,15
Malay,14
Slovak,11
Hungarian,10
Danish,10
Indonesian,10
Kurdish,8
United Kingdom,8
Hebrew,7
Slovenian,7
,7
"is HATE SPEECH.\"",7
Urdu,6
Greek,5
Czech,5
Germany,5
"don't we?  CNN must disavow Ana Navarro im‚Ä¶\"",4
personalize it,3
"Shame\"\" at Trump Tower  But if you listen real carefully you can actually hear Trum‚Ä¶\"",3
Chris is too busy pounding donuts,3
"dickhead!!!\"\"\"",3
because if you do,3
Simplified Chinese,2
Korean,2
–ø–æ–∂–∞–ª—É–π,2
"–ø—Ä–µ–ø–æ–¥–∞–≤–∞–ª –≤ —à–∫–æ–ª–µ –∫–æ–º—Å–æ—Å—Ç–∞–≤–∞.'\"",2
"produce G's like sperm/ 'til legs spread like germs\"\"\"",2
"Skyzoo &amp; DJ Revolution)\"\" by Blu &amp; Nottz https://t.co/dUjx2ZOI4g\"",2
Brown or White,2
"rub on ya tits ... and whatnot\"\" #HardKnockLife\"",2
"–∞ —Ç—ã...  https://t.co/xJVs5KPp64\"",2
scottie,2
"—é–Ω–æ—Å—Ç—å –∏ –ª—é–±–æ–≤—å:  https://t.co/335E99TJWJ https://t.co/i6aT6Mtcw1\"",2
—É–±–µ—Ä—É—Å—å –¥–æ–º–∞,2
"& it will never be stopped until we stop it ourselves.\"\" https://t.co/BJbjwpIOgB\"",2
"–î–∂–∞—Å—Ç–∏–Ω–µ –¢–∏–º–±–µ—Ä–ª–µ–π–∫–µ –∏ –º–Ω–æ–≥–æ–º –¥—Ä—É–≥–æ–º #helloru   https://t.co/e8qe1ostwF https://t.co/ndaLwS9LWS\"",2
"on @HashtagRoundup! https://t.co/yYVYUKCuIv\"",2
"he did a very good job!\"",2
"s‚Ä¶\"",2
"can YOU craft a compelling reason to vote for Trump?\"\"  \"\"Sit down",2
insulting,2
000,2
union homes,2
"–±–æ–≥–∞—Ç—Å—Ç–≤–æ –∏ –ø—Ä–æ—Ü–≤–µ—Ç–∞–Ω–∏–µ.\"",2
GOP Control House,2
Russia Didn't Work! Now Desperate Attempt is Racism,2
"2009\"",2
"Russia\"\" Didn't Work... Yelling \"\"Racism",2
Brown or White,2
"—á—Ç–æ –Ω–∞ —ç—Ç–æ–º –ø–æ–ª–µ –Ω–µ—Ç –Ω–∏ –æ–¥–Ω–æ–π –º–∏–Ω—ã\"",2
"and hateful rhetoric of Trump.....we will fight back! https://t.co/rhY2t29bUm\"",2
"why is it sitting on a bed of lettuce?\"\"  #WriteAPanel\"",2
"it isn't going‚Ä¶\"",2
"and \"\"LOL\"\"\"",2
"you're not my father.\"\"\"",2
"later.\"",2
"blue collar Americans.\"\" #Hannity https://t.co/HCJoZJcSkV\"",1
"& the sugarguys SOCIALISE THE COST 2Health https://t.co/rNGNwMsyOc\"",1
"but many DNI analysts at NSA did it. Only needed to deny it was the \"\"intent.\"\" https://t.co/WgqkbfNkHI\"",1
"crimes of which he is guilty.'\"",1
"Obama plays golf!! #LouisianaFlood  #NeverHillary   https://t.co/zTckGepBs6 https://t.co/dxC04usnAy\"",1
"on investigators he sent to Hawaii looking into Obama's birth cert.#NeverTrump\"",1
"This is crime! @realDonaldTrump'\"",1
"because the truth was shown'\"",1
"EPIC FAIL\"",1
"donc l‚Äôavenir de nos enfants.\"\" #ConventionMLP https://t.co/e6dJFTdEg8\"",1
"2020\"\"   https://t.co/QH3OtNj7zj  #Recount2016 https://t.co/nS76Xl164R\"",1
Ireland,1
bit by bit,1
"means barely being able to stand upright and speak coherently whilst addressing a crisis https://t.co/A3uBX2pHnb\"",1
"told me in person #Obama born in #kenya.\"\" --@jimasher   Now what",1
Iran,1
"mostly because cuts in foreign aid programs.\"\"\"",1
"he's right.\"",1
"In your name!\"\"  #Marine2017 #LeGrandD√©bat #AuNomDuPeuple https://t.co/hGoNLbyQMS\"",1
"is that I'm a fair judge.\"\" https://t.co/F4EpfATnX3\"",1
and pray,1
"my dear....\"\"  #NeverHillary  #DemolishedByCorruption https://t.co/QN84NZTiUv\"",1
"even more so.\"\" ‚Äî MGySgt Abbracciamento https://t.co/TTKP9srpU7\"",1
"or who he prays to. https://t.co/xnQ4B3nrAZ\"",1
'Well,1
"4/20/17 https://t.co/0TcTUDwjIZ\"",1
"win.\"\" #FreedomOfThePress https://t.co/vnUnvgs93X\"",1
"I WILL NEVER\"\" ÔøΩ#RemembranceProject https://t.co/nIPOgg9zfE'\"",1
"tear gas etc.  #NoDAPL\"",1
irrational--and now,1
"deserve neither Liberty nor Safety.\"\" https://t.co/JCMW7Jvnom\"",1
"and around the country.\"\"  #TaxMarch https://t.co/UIt0WCZ06l\"",1
"let‚Äôs not build anything [else] overseas.‚Äù ÔøΩÔøΩ@POTUS TrumpÔøΩÔøΩ https://t.co/shFK9RiJuY'\"",1
"& \"\"Soros voting machines\"\" have been 100% accurate. #PizzaGate\"",1
"but Americans rejected you and everything you stand for.\"\" https://t.co/rnq5VTqM1I https://t.co/uwd128sKjb\"",1
USA,1
"clot in 2012; she has Parkinsons! #HillarysHealth https://t.co/mtVmITEkSh\"",1
"How about U give the MONEY 2 HATTI & Floridians https://t.co/FjEpoK7mNQ\"",1
un-american pie Drove your Gremlin to the Kremlin,1
"really\"\" wanted her as Prez. https://t.co/3PiDkBJPsc\"",1
have the power to make this life free and beautiful,1
"reve‚Ä¶ https://t.co/k8dO9UDPt0\"",1
verbatim,1
bridges,1
"Being Frugal and Practical‚Äù https://t.co/9uUgqtg7z9\"",1
"fired at #NoDAPL water protectors on Highway 1806 last night https://t.co/b34PsASz8b\"",1
"\"\" (Proverbs 4:23",1
"just stop...#AiringofGrievances https://t.co/Fvw6nKbGp8\"",1
"voters don't want 11 million deported\"\"  The hell we don't! https://t.co/6GCwoaeHN7\"",1
"huh?\"\"'\"",1
"American ships patrol the seas\"\" https://t.co/sI9LirqzCb\"",1
"Bigotry\"\" a little better than looting.\"",1
anti-semite,1
#Trump voters,1
"what are our values &amp; what it is that you want us to resist? Law &amp; order?\"\" https://t.co/voKBMnIlLW\"",1
"Can Get American Passports Revoked\"\" on #PJNET - https://t.co/FzONNWtvIC ‚Ä¶  - https://t.co/CkbZe1esZI 123\"",1
"#WhereTheLightShinesThrough\"",1
"or Newt Gingrich‚Äôs\"\" https://t.co/LXOm29tfJe\"",1
"shame on you.\"\" https://t.co/5OGm8ZSctG\"",1
"full of ups & downs & always keep you guessing!\"\" But One thing will never change! https://t.co/OBt6UBhlfr\"",1
"who gave that right to me.\"\" https://t.co/o98KbXnHQz\"",1
3) Ryancare,1
"\"\" + \"\"leadership?\"\"\"",1
"achild whs parents died jst as the ArabConscience\"\"  #Aleppo https://t.co/Jq0MRSEFgk\"",1
"started it?\"",1
"5/2/17 #WhiteHouse #Congress #Senate #House\"",1
"@chrislhayes. https://t.co/YCjuCkp3fY\"",1
Abdulrizak Osman Jeyte,1
Dr. Oppenheimer dies,1
"es investigado por corrupci√≥n en Brasil https://t.co/O27xPWvx2J #Odebrecht https://t.co/DjVZZTDZNc\"",1
"5 ans de d√©classement\"\"\"",1
"those days are over.\"\" ~ @krauthammer  #OreillyFactor  #AmericaIsBack #MAGA https://t.co/tH0V0H9Dnv\"",1
"DOJ) from the top down?\"\" #NH  People want CHANGE!\"",1
"fungerade d√• f√∂rut??? https://t.co/eB5TwNLr3y #svpol #kaos #boom\"",1
"Conservative Side (Video)\"\" https://t.co/7CwfHn7REC\"",1
"you should not be living in poverty...\"\" #Fightfor15 https://t.co/RnJkyZKni3\"",1
"& pretty much everyone else around her.  And all people can talk about is Trump? Please!\"\" -Dianu\"",1
"challenged her obvious lies...'\"",1
"and protect Hillary's irrational imm plan.\"",1
"permanent voter registration.\"",1
"But Putin Didn¬¥t Steal The U.S. Election For Trump\"\" https://t.co/ffyLHv8YpM\"",1
"nor an American way of life...\"\" - Dwight D. Eisenhower https://t.co/oPRvlQPFes\"",1
bomb,1
"le plan Marine.\"\" https://t.co/dJD6LZQkcW\"",1
"you will be saved. Rom 10:9\"",1
"not the future\"\"  Let's spread this message! https://t.co/VANMsHH0x8\"",1
"BinLaden 9-11-2001) https://t.co/OxMsf6Rqdq\"",1
"that's what's pissing off @Jack &amp; the censorship brigade.'\"",1
Marxist propaganda at work,1
"Electoral Landslide Loss to Trump 308 VS 232 #maga #trump #hillary https://t.co/01Chx7YWCE\"",1
vindictive,1
"& collusion coming from DC. The DC elite have gotten richer while middle America suffers.\"\" https://t.co/2benECTfIW\"",1
"the black vote is still only worth 1/3!\"\"  W T F T F  #TrumpProtest https://t.co/OAfFiKk9tD\"",1
"inshallah! https://t.co/HqkdoyCN6g\"",1
Hamon-Fillon pr√©f√®re s'indigner pour le banquier que pour l'artisan,1
"and other cities: \"\"We're coming for you.\"\" https://t.co/PPyN44IBKM\"",1
they have an agenda,1
"we love bombing brown people it's fun watching\"\"'\"",1
"I voted for you.\"\" Says Brady gave him permission to say so\"",1
PROPHECY,1
"you have no integrity. BILL CLINTON IS A RAPIST.\"\" https://t.co/7IHnbmKqPR\"",1
"‚Ä¶\"\" https://t.co/1gGjXQuR9E\"",1
"I'm standing here today.\"\" https://t.co/v1VnvijlJB\"",1
plain and simple. Born winner,1
"Saudi #ExMuslims https://t.co/K1ru7fYMZO\"",1
"\"\"YOU\"\" Should Have Been There! https://t.co/PnE5crMzO8\"",1
"go on hunger strike over Thanksgiving\"\" https://t.co/YLghRsnuIL\"",1
Syria,1
"Tennessee.\"\"\"",1
"an attack on #Syria can happen again.\"\" https://t.co/W56DayGlnM\"",1
CBS,1
"die Gewerkschaften...vllt. auch Deine W√§hlerstimme? https://t.co/KPZCTkIrnp\"",1
"dishonesty &amp; arrogance....best describe the reality of #WallStreet today.\"\" @SenSanders #HealAmerica https://t.co/45dZdBxUh3\"",1
"John. I hope the view is tremendous.\"",1
&amp; greed. &amp; after all is said &amp; done,1
"or form that we stood in the way of that is 100% false.\"\" - @PressSec on @SallyQYates story https://t.co/dgxvgaEBIl\"",1
"\"\" \"\"supremacist\"\" pariahs under attack. #tcot\"",1
and other states that were very close,1
"yeah right like Ryan Lochte\"\" - @LilTunechi ÔøΩÔøΩÔøΩ'\"",1
"and so are the words PRESIDENT TRUMP!\"\" https://t.co/ybDXfK8Sjy\"",1
very,1
"and the saints. They are your public.\"\" - Saint John Vianney üôè\"",1
"Bill? Nice simile you've got going there!   By @charliespiering https://t.co/xEdpC0jISD https://t.co/xK1jblDD2p\"",1
"God bless you &amp; God bless America\"\" #MAGA https://t.co/X3Q74Tz1y8\"",1
"the world's foremost expert on erasing things.‚Äù @CarolCNN\"",1
"She‚Äôs ‚ÄúThe Beyonce Of First Ladies‚Äù‚Ä¶\"\" https://t.co/FpxRmfQlwU\"",1
"and various agendas. On the other hand even people like me who saw this all via.\"",1
"we will......\"",1
"das geht schon OK. #Taqiyya undso.  #Kufrs'\"",1
"or a ladder. Help someone's soul heal. Walk out of your\"\" https://t.co/lETzmvVaJC\"",1
"more than ever.\"\" - @realDonaldTrump\"",1
"and I think he's going to lead us to real job creation\"\" https://t.co/rxnWpwIo2N\"",1
"&amp; whiners.\"\" https://t.co/x3J7XNyOl5\"",1
"et je ne veux pas avoir la boule au ventre quand ils vont dehors.\"\" #15minutesPourConvaincre\"",1
"Russia or Comey. They can't lie to you if you don't watch. https://t.co/D4bGhvHn9O\"",1
who was born on August 13,1
"&amp; 4 the U.S\"\"  ~ 2007 GEORGE BUSH https://t.co/RyYkHAlWYn\"",1
"\"\" Frankly Speaking.\"",1
"\"\" with a straight face. LOLOLOLOLOLOL\"",1
"just ABOLISH them!\"\" https://t.co/icdhC3gjLP\"",1
"lame excuses make sense? Umm‚Ä¶ NO. #TrumpTaxReturns\"",1
"Obama doesn't even have Hillary as president to pardon him!\"\" #SusanRice Carter Page Seychelles https://t.co/uvkWukFi7l\"",1
Sept 16,1
"000 con dinero de sus tontos admiradores. https://t.co/b8wARHjcmp\"",1
fully digital screen wall,1
"Bernie #birther #DemExit #Election2016\"",1
"pero Clinton es la m√°s peligrosa\"\"  dice Oliver Stone    https://t.co/3fTLFc2TdY\"",1
crackdown on sanctuary cities,1
"with LIBERTY and JUSTICE for ALL\"\" #MakeAmericaGreatAgain Jan 20th cant come soon enough!! #AmericaFirst https://t.co/iy5saRr32t\"",1
"Just Enforce the Employment Laws\"\" https://t.co/pFBx4383Pz\"",1
"that we should be called the sons of God...\"\" 1John 3:1 https://t.co/FkDpNvN6Vx\"",1
"en pire !\"\" @CNEWS\"",1
"said the adorable puppy. https://t.co/1qSD9F2TIU\"",1
the House &amp; Senate,1
"the panel did not bother even to cite this (the) statute.\"\" A disgraceful decision!\"",1
apportioned,1
"has gone to court over... https://t.co/PGnI9pEEfO\"",1
"–∫–æ—Ç–æ—Ä—ã–µ –≤ —ç—Ç—É –ª–∞–±—É–¥—É –≤–µ—Ä—è—Ç. https://t.co/1QKdWzo6jJ\"",1
"KY. https://t.co/TQNZdD80hN\"",1
"1882. #writing\"",1
"Hitler &amp; Nazi\"\" that's what they're doing. #MASAüá∫üá∏\"",1
including the murders,1
"https://t.co/4AFFkb7jG3\"",1
"Hitler &amp; Nazi\"\" that's what they're ‚Ä¶\"",1
explorer,1
Y'ALL MAD. WE SPEAK UP,1
"desert!\"\"). @sbobkov https://t.co/97TEwVge9X\"",1
American aluminum,1
"–Ω–æ –Ω–µ —ç—Ç–æ!!! https://t.co/5pyfSHWdZY\"",1
"they'd think \"\"oh maybe this is important?\"\"\"",1
–Ω–∞–ø—Ä–∞–≤–ª–µ–Ω –±–æ–ª—å—à–µ –ø—Ä–æ—Ç–∏–≤ –ï–°,1
"a barrage of utter BS\"",1
"Thanks Australia PM https://t.co/n11vT4XAA9\"",1
60 Minutes,1
"and statistics.\"\" An economist's guide to #Brexit https://t.co/xNexYRmsEO  https://t.co/wV46wdQ8Fy\"",1
"right?\"\" üòÇ\"",1
"now get over it\"\" said the person waving a confederate flag\"",1
South,1
"\"\"deserted\"\" Afghanistan where the MOAB was dropped is home to people.  Almost 95",1
"then I feel like dying\"\" - Lil Wayne\"",1
"FBI going ‚Ä¶\"",1
"and marijuana.\"\"\"",1
"tumblin'\"\" https://t.co/2ZNJVt1rS6\"",1
"Palestine is my vendetta and the land of withstanding\"\" #FreePalestine ÔøΩÔøΩ‚úäÔøΩ https://t.co/lj2r9S6PE3\"",1
Comey,1
"then go after people.\"\" -J.Davidson #Tucker #Impeac‚Ä¶ https://t.co/AfdUOaWw95\"",1
"&amp; blue. It doesn't matter‚Ä¶ https://t.co/PDaBaT97CQ\"",1
"–∫—Ç–æ –≤—ã—Ä–æ—Å –Ω–∞ —à–∞–±–ª–æ–Ω–Ω–æ–π –∏—Å—Ç–æ—Ä–∏–∏ –†–æ—Å—Å–∏–∏ - —Å–ª—É—à–∞–π—Ç–µ  https://t.co/x3venyO6xu\"",1
"and murder black people.‚Ä¶ https://t.co/qpXDjm5d8W\"",1
"and a right to autonomy...\"\" https://t.co/9ZvejAUOiY\"",1
"Robbery-Free Murder Of DNC Data Exec https://t.co/1sIWSWsBpG #tcot https://t.co/QZ0iiX9RLY\"",1
–ø—É—à–∫–∏,1
"Geopolitical Turmoil Will Flare Up Like A Tinderbox\"\" https://t.co/NpIw3PuosE #economy #trump #realnews\"",1
"that has done everything in its power to fight Pr‚Ä¶\"",1
and a permit to carry,1
"sweat and tears!\"",1
"- —Ä–µ–∑—é–º–∏—Ä—É—é—Ç –≤ —Ä—É—Å—Å–∫–æ—è–∑—ã—á–Ω–æ–º.\"",1
–≤–æ –§–ª–æ—Ä–∏–¥–µ - –Ω–∞ 1,1
–Ω–µ –≤ –±–ª–∏–∂–∞–π—à–∏–µ –¥–µ—Å—è—Ç–∏–ª–µ—Ç–∏—è,1
"26.04.2017 https://t.co/McRSRq8k81\"",1
2 d√≠as tortura,1
"\"\"Boy\"\" Mike Brown",1
don king,1
"on tv. (Watch: https://t.co/zRpdtDM4Ew) Here's what the law says. https://t.co/g99jsror2o\"",1
"‚ÄòNo reason\"",1
"you must walk by faith.\"\" #JesusCalling\"",1
"is s‚Ä¶ https://t.co/a43BDs99F7\"",1
"bruh?\"\" https://t.co/VpjJu7h2rv\"",1
"lets MAGA üá∫üá∏\"",1
"with vulnerability...\"",1
"'dabbed.'\"\" https://t.co/ojWpKTBeeH\"",1
"‚Ä¶ https://t.co/GQmDSCHbU3\"",1
"but there must be a better distribution of wealth.\"\" -Dr. Martin Luther King Jr. #MLKDay\"",1
his tiny finger moving under each word as Bannon looks on,1
you cow,1
"—Ç–∞–∫ –∏ —Å–æ–±–µ—Ä—ë—Ç—Å—è\"\" (—Å) ÔøΩ  #–í—Å–µ–º_–î–æ–±—Ä–∞@rus_improvisation2\"",1
"and three or more is a #congress.\"\"-- John Adams\"",1
"Caring & ready for the spiritual revolution. #blackintelligence   #bktwr https://t.co/h5hulgiYUg\"",1
"—á—Ç–æ –∑–∞–∫–æ–Ω—ã –ï–° –∏–ª–∏ –ø–æ–Ω—è—Ç–∏—è –Ω–µ –∑–Ω–∞—é—Ç —Ö—Ä–∏—Å—Ç–∏–∞–Ω—Å–∫–∏–µ. ÔøΩ'\"",1
"—Ç–µ–ø–µ—Ä—å –æ—á–µ—Ä–µ–¥—å –í–∞—à–∏–Ω–≥—Ç–æ–Ω–∞! https://t.co/CjhlIkJmSI\"",1
is NOT an Intelligence Report,1
"anywhere - to beat them harder than ever\"\". ÔøΩ https://t.co/JUmZv5ebVf\"",1
"that's code for give em the \"\"heave ho!!!\"\"\"",1
"como me parece a antisovi√©tica propaganda!  https://t.co/HXAP73cH4n\"",1
"that you have to consider in your section.\"",1
"Jimmy! https://t.co/IltV60XPGD\"",1
"–ö—É—Ä–∏–ª—å—Å–∫–æ–µ –æ–∑–µ—Ä–æ https://t.co/nz13lfurWx\"",1
"you speak French now https://t.co/FOa9eJmQBw\"",1
Chloe Mesa,1
for one,1
"but request that money too.\"",1
"but he told me to tell you... GET READYYYYYYYYYYYY!\"\" https://t.co/40YjTizo9j\"",1
"—á—Ç–æ –≤ –∂–∏–∑–Ω–∏ –∏—Ö –≤–æ—è–∫–∏ –Ω—É –Ω–∏–∫–∞–∫ –Ω–µ –ø–æ—Ö–æ–∂–∏ –Ω–∞ —ç—Ç–æ–≥–æ –≥–æ–ª–ª–∏–≤—É–¥—Å–∫–æ–≥–æ \"\"—Ö–µ—Ä–æ—è\"\"...'\"",1
"therapeutic space for me. 2/\"",1
"he died\"\". Is this gonna be in your first sermon at the church o‚Ä¶ https://t.co/8E1muoHzVz\"",1
"in the classroom. https://t.co/NZ12R3guE5\"",1
"–º–æ—Ä–æ–∑¬ª –ù–∞—à –ü–µ—Å–µ–Ω–Ω—ã–π –§–ª–µ—à–º–æ–±https://t.co/FoO6EedMaZ\"",1
"https://t.co/4hBBl1DKxb\"",1
without question,1
"would be wrong.\"\" - Spicer",1
"so that we really never live at  all.\"\"-Leo Tolstoy\"",1
bowling,1
horrible,1
"\"\" meaning white. They knew what Trump was saying",1
"and it stinks of its hypocrisy.\"\"  H. Rap Brown https://t.co/cLc1KpXZm4 https://t.co/g2A8826RZE\"",1
"& loving the ppl who r doing the oppressing.\"\" ~Malcolm X https://t.co/fSf7GsFeqN\"",1
"–∑–∞ –∫–∞–¥—Ä–æ–º —Å–ª—ã—à–Ω–æ: \"\"–ì–û–õ–£–ë–û–ô\"\" –í–ê–ì–û–ù –ë–ï–ñ–ò–¢ –ö–ê–ß–ê–ï–¢–°–Ø... https://t.co/fKeGSyy3S6'\"",1
"–∫–æ—Ç—ë–Ω–∫–µ —Å —É–ª–∏—Ü—ã –õ–∏–∑—é–∫–æ–≤–∞ https://t.co/CoEs8cG6Ze\"",1
"ein F√ºhrer\"\" https://t.co/4t3KoHvzlx\"",1
"#Syria\"",1
"we‚Äôre st‚Ä¶\"\" https://t.co/zKt9QZ7eqm\"",1
"and the Presidency.\"",1
"wisdom & humor\"\" as Litari told us in a recent note\"",1
"regarding the #taxcredit program @THR https://t.co/MwyRbQO90f\"",1
MK Asante and Voli take up for the #homeless,1
"if it wasnt 4 u...\"\"\"",1
"And Could Go That Way Again \"\" https://t.co/jFIjqU22pT\"",1
"I doubt that.\"\" #Big #CantStopWontStop https://t.co/F9JiE5e0lK\"",1
"a 19-year-old female‚Ä¶ https://t.co/t7aTkcfmyR\"",1
"that's only half if they like you\"\" #Grammy_Family_Freestyle\"",1
son,1
"&amp; @Slim400 via @MassAppeal  https://t.co/WQlDcMN2dz https://t.co/PCru93amhx\"",1
"whatever word you want to use. I hate fame. I've done everything I can to avoid it\"\" https://t.co/z5yEZRoKLc #waxmuseum\"",1
"crooked shrew whose only accomplishment was marrying Bill Clinton.\"\" https://t.co/uImb05ah0g\"",1
"–∞ –≤–∞—Å –Ω–∞—à–∏ –µ–±—É—Ç.'\"",1
"uh...I did it.\"\"\"",1
"these steps will... https://t.co/2EKNOaE1dM\"",1
"so that's fine\"\" https://t.co/GMrFZt1YxI\"",1
"&amp; they do not mature.\"\"\"",1
"–ë–æ–≥–∞ –Ω–∞ –≤—Å–µ—Ö –Ω–µ —Ö–≤–∞—Ç–∏—Ç.\"",1
"these steps will... https://t.co/GtNTpMBRON\"",1
"' and 'Kodak moment.'\"\" #FallonTonight https://t.co/q1vVo4IZxB\"",1
"are ‚Äúrenegade cities‚Äù  for interposing their city government again‚Ä¶ https://t.co/rVfqOqbWFR\"",1
"run in ya lane/So I can come through doin a hundred and change\"\" #A_Million_And_One_Questions\"",1
"@PublicEnemyFTP !!! https://t.co/y7v91lOEwE\"",1
"–Ω–∏ @anzgri!\"",1
–∂–µ–Ω–∞,1
'Luv me plz,1
"I doubt that.\"\" #Big #CantStopWontStop https://t.co/aPlEXIaAY6\"",1
"\"\" #DylannRoof said in jail journal. #RoofTrial\"",1
"major wart in his noise. He would not get elected today\"\" https://t.co/4RNlaJPUCv\"",1
"you will be saved. -Romans 10:9\"",1
"Comment) üôåüíØ‚úäüíØ‚úäüíØüôå\"",1
"and stop trips to John Meniel (Menielly)\"\"\"",1
"other rapists will be empowered ÔøΩÔøΩ\"",1
"classrooms.. https://t.co/jnTvXqqquq\"",1
"Skyzoo &amp; DJ Revolution)\"\" Blu &amp; Nottz #HerFavColor",1
"and our refusal to acknowledge it as such is why 62 million people voted for a sociopath.\"",1
"Asap Rocky https://t.co/suSjb5br68 #RAF https://t.co/8fCOXnF4QN\"",1
"says  top Democrat adviser\"\" https://t.co/OSQNXcmJof\"",1
"is not a word. It's your Twitter do what u like'\"",1
"I doubt that.\"\" #Big #CantStopWontStop https://t.co/Ss0fjVdY2n\"",1
"–ü–ñ–∏–í!'\"",1
my rappin' is similar to mothafuckers when they scrapping',1
"–∫–∞–∫ —Ç—É—Ç –∂–µ –æ–±—ä—è–≤–∏–ª–∏ –æ—Ç–±–æ–π —Ç—Ä–µ–≤–æ–≥–∏. –í–æ—Ç –∫—É–¥–∞ —Ç–µ–ø–µ—Ä—å –¥–∏–≤–∞–Ω —Ç–∞—à–∏—Ç—å?\"",1
"–Ω–µ —Ç–∞–∫ –ª–∏?'\"",1
—Ç–∞–∫–∏–µ –∂–µ –∑–æ–º–±–∏. –ø—Ä–æ—Å—Ç–æ –æ–¥–Ω–∏ –ª–∏–∂—É—Ç –∂–æ–ø—É –ü—É—Ç–∏–Ω—É,1
"and will be able to achieve their dreams.\"\" - @RealBenCarson https://t.co/B4mtR658zr\"",1
"–ê. –ü—ã–∂–∏–∫–æ–≤ –∏ –ì. –ê—Ä—Ç–∞... https://t.co/6urHSLTIm4 —Å –ø–æ–º–æ—â—å—é @YouTube\"",1
"my man'll shoot cha\"\" #La_La_La(ExcuseMeMissAgain)\"",1
"\"\" &amp; \"\"evil.\"\" Should he get mental health exam?\"",1
"will take whatever measures are necessary to protect ‚Ä¶ https://t.co/OpynovO2JY\"",1
"empowered\"\" https://t.co/yFHEy80SON\"",1
"and brand! https://t.co/3W3sq4MhLf\"",1
—è ‚Äî –Ω–µ—Ç,1
RESPECT,1
"Scota (ScotlandScotia?) meets her maker. https://t.co/9A1jvpXztu\"",1
"&amp; doctors brin‚Ä¶ https://t.co/oL5t9ABbRX\"",1
"–≤–æ—é—é—â–∏–µ —Å –Ω–∏–º \"\"–Ω–∞ –∑–µ–º–ª–µ\"\"  http://t.co/oJbhFGS8Zr\"",1
"doesn't make one presidential\"\" https://t.co/x7zelTvLMr https://t.co/DSdPKyjS0O\"",1
—Ä–∞–∑—É–º–µ–µ—Ç—Å—è,1
"I don't owe niggaz shit\"\" #Come_And_Get_Me\"",1
"your time is up. It's \"\"WINNING TIME\"\". #tcot #ccot  #2a #NRA  #Trump2016 https://t.co/KOEZ8wkrzC\"",1
plunder,1
"I doubt that.\"\" #Big #CantStopWontStop https://t.co/bRVAcB0lQq\"",1
",United States,English,12/29/2016 19:16,12/29/2016 19:17,306,693,4110,RETWEET,Left,1,LeftTroll,0,1652262638,814550779671576577,http://twitter.com/1652262638/statuses/814550779671576577,,,",1
"ladies. https://t.co/f7Bb6V47gv\"",1
"—Å–µ–±–µ –≤ –æ—á–∫–æ –∑–∞—Å—É–Ω—å.'\"",1
take ya pick / Jackson,1
–∏ –Ω–µ –ø–æ–Ω–∏–º–∞–µ—à—å,1
"at 8:00 P.M. Enjoy!\"",1
his name is Charlie,1
"and we continually move forward.\"\" -VP Biden\"",1
"be a billionaire\"\"",1
with women they dont really like,1
"–Ω–æ—Ä–º–∞–ª—å–Ω—ã–π –ø–∞—Ä–µ–Ω—å.–ò–ª–∏ –æ–Ω–∏ —ç—Ç–æ –ø—Ä–æ –ú–∞–≥–æ–º–∞–µ–≤–∞?\"",1
–ø–æ–±–µ–∂–∞–ª –≤ —Ç—É–∞–ª–µ—Ç,1
"Skyzoo &amp; DJ Revolution)\"\" Blu &amp; Nottz https://t.co/dUjx2ZOI4g\"",1
"BETTER  Please RT  #POTUS #WitchHu‚Ä¶ https://t.co/Z7yDzRAn8e\"",1
"this I kno in my heart / Now I'm so enlightened I might glow in da dark\"\"\"",1
pro choicer,1
heads out to store,1
"—Ç–æ—Ç –æ —Ç–æ–º –∏ –≥–æ–≤–æ—Ä–∏—Ç!\"\"¬© üòÜ'\"",1
"–ª–∏—à–∏–ª—Å—è –ª–∏—Ü–µ–Ω–∑–∏–∏  http://t.co/LBinRF3iw4\"",1
"Donald. LOOK AT ME.\"\" https://t.co/A5OuPJz5Bh\"",1
"‚Ä¶ https://t.co/OuBUqRrN9n\"",1
"keep yo' shit the same\"\" #ComingOfAge\"",1
"I doubt that.\"\" #Big #CantStopWontStop https://t.co/ym1HPACOEf\"",1
"I should be rappin wit a turban\"\" #Hova_Song(Intro)\"",1
"https://t.co/zwJWU54Io3\"",1
"I won't mind.'\"",1
"I doubt that.\"\" #Big #CantStopWontStop https://t.co/vRQ0xHJjRS\"",1
"yes!\"\" https://t.co/dJuc1QGdsz https://t.co/l7Ni0litjp\"",1
"No!\"\" - https://t.co/WggkPiDzRI #IFWT\"",1
"is too uncomfortable...\"",1
Kim K,1
y'all. The struggle must be so very,1
"until we get it right.\"\" #FireServinNow  Our #SayHerName action is today! http://t.co/uBFYom6wBO\"",1
"–Ω–µ —Å—Ç–∞–Ω–æ–≤–∏—Ç—Å—è https://t.co/9Bw1ltWDbk\"",1
"he just smiled and shot both my kneecaps\"\" https://t.co/jTFSYePD9R\"",1
I'm fast,1
"2 —Ç–æ–Ω–Ω –Ω–∞–ª–∏—á–Ω–æ—Å—Ç–∏.  https://t.co/UqkjUM8R2d\"",1
suddenly,1
–∞ –≤ —Ç–æ–º,1
"& not think about your personal safety\"\" https://t.co/cy7jF8qf5V\"",1
"bigot who hates women)!\"\" https://t.co/NwxkRHlLe2\"",1
"5 mln aziende\"\" @ConsulentiLavor https://t.co/etadT2lfdX https://t.co/yXLnTpJC7F\"",1
men,1
"–≥–¥–µ –ö–ê–õ–∏–Ω–∞ –ø–∞—Ç—Ä–µ–æ—Ç—ã? https://t.co/ZcUqotrXWf\"",1
"Richard Emil Miller (1875-1943). https://t.co/IXAchVIPnX\"",1
Master P,1
"yeah it's like the Beatles back\"\"\"",1
"45 anni fa https://t.co/8l9gj0fUKO\"",1
"you better not cry... https://t.co/yeyFHxlM8Z\"",1
"–Ω–µ–≥–æ–¥—è–∏ –∏ –ø–æ–¥–ª–µ—Ü—ã!\"\" –ñ–∏—Ä–∏–Ω–æ–≤—Å–∫–∏–π   –£–ö –†–§ —Å—Ç. 119 –£–≥—Ä–æ–∑–∞ —É–±–∏–π—Å—Ç–≤–æ–º\"",1
I don't have a car,1
"—Ç–∞–∫–æ–≥–æ –Ω–∞–∫–∞–∑–∞–Ω–∏—è –Ω–µ—Ç.\"",1
"–∞ –º—ã –°–ú–ò.\"",1
"—á—Ç–æ–±—ã –ø–æ–∫–∏–¥–∞—Ç—å —à–∫–æ–ª—å–Ω–∏–∫–æ–≤ –≤ –∞–≤—Ç–æ–∑–∞–∫–∏. –ü—Ä–æ—Å—Ç–∞—è –∞—Ä–∏—Ñ–º–µ—Ç–∏–∫–∞ –ø—Ä–∞–≤–æ–æ—Ö—Ä–∞–Ω–∏—Ç–µ–ª—å–Ω—ã—Ö –æ—Ä–≥–∞–Ω–æ–≤\"",1
"my flag!\"\"  You won't see this on CNN https://t.co/zHEFA3LELv\"",1
"–∑–∞–ø—Ä—ã–≥–Ω—É—Ç—å –Ω–∞ –ø–ª–∏—Ç—É. https://t.co/bNRnA8KhdR\"",1
"—á–∏—Ç–∞—é—â–µ–≥–æ –ì–∞–º–ª–µ—Ç–∞ (!) —Å–≤–∏–Ω—Ç–∏–ª–∏ –∑–∞ —Å–µ–∫—É–Ω–¥—ã.\"",1
"he has 2 dogs\"\" http://t.co/7ks9gnPOXp\"",1
"la provocazione di #Libero per l'#8marzo https://t.co/daAWJXF9rS https://t.co/I3Dy7ke0rl\"",1
"–º–Ω–µ –ø–æ–ª–µ–≥—á–∞–ª–æ –ø—Ä—è–º! https://t.co/EPRji5PLaq\"",1
"get it? Black Jack in a casino A nigga got unlimited credit\"\"\"",1
"and we're trying to shut it down now.‚Äù #OregonUnderAttack #treason #USA\"",1
"ecco una proposta di sobriet√† e trasparenza\"\" blog di @VanninoChiti https://t.co/TNrpSKgy7T https://t.co/Glp5SmAIvI\"",1
I wondered,1
–¥–∞,1
"Clinton/Booker 2020 https://t.co/OFSCX1ZrCV\"",1
—è –∑–Ω–∞—é,1
chillin,1
"—Ç–æ–ª—å–∫–æ –≤—ã–π–¥–∏—Ç–µ\"\" –ê–ê–ê–ê–ê–ê–ê–ê–ê–ê–ê https://t.co/ubeH86uIAx\"",1
"me ne arrivano a centinaia\"\" https://t.co/ZYfVmkWPjc https://t.co/QVbmbi9P8s\"",1
"–¥–∞–π—Ç–µ –∫–≤–∞—Ä—Ç–∏—Ä—É –∏ –î–ê –•–†–ê–ù–ò –í–ê–° –ë–û–ì\"\" - –≤—Å—è –†–æ—Å—Å–∏—è –≤ –æ–¥–Ω–æ–º –∑–≤–æ–Ω–∫–µ\"",1
—á—Ç–æ —Å–µ–π—á–∞—Å –¥–µ–ª–∞–µ—Ç—Å—è –≤ –†–æ—Å—Å–∏–∏. –ò —è –æ—Ç–≤–µ—á—É- –≤–æ—Ä—É—é—Ç,1
"aggravated assault and theft.'\"",1
"up first.\"",1
"know the Feds is 'buggin' my life\"\" #DeadPresidentsII\"",1
Israel,1
"is distraction.\"\" #BlackHistoryMonth #BHM #racism #tcot #tlot https://t.co/Aby4PiJkbm\"",1
"by writing class-action bans in2 the clauses\"\" https://t.co/nfvZ4rXwrK any1know him?\"",1
"Skyzoo &amp; DJ Revolution)\"\" by Blu &amp; Nottz https://t.co/dUjx306jsQ\"",1
"il tweet di Medici senza frontiere https://t.co/63MvhKoEMd https://t.co/cbueNY2uLE\"",1
—Ç—ã –º–µ—Ä—Ç–≤,1
"they said. \"\"I don't see color\"\"",1
"https://t.co/M0eL5jQsXz via @usatoday\"",1
"according to Russian state media https://t.co/QDrhIFnt4G https://t.co/j42Wyvzafl\"",1
"it'll be as if nothing happened.\"\"  https://t.co/1VvHIb2WPQ\"",1
–ø–æ—Å–∏–¥–µ–ª,1
3 —á–µ—Ö–ª–∞,1
"–æ–Ω –ø—Ä–æ—Å—Ç–æ –æ–± —ç—Ç–æ–º –Ω–µ –∑–Ω–∞–µ—Ç\"\"'\"",1
"achha lage ga\"\"\"",1
"–∞ –Ω–∞–¥—Ä—É–∂–∏–ª!\"",1
"√® un esempio di narrativa d‚Äôinchiesta sulla #globalizzazione https://t.co/gjzRxufkjB\"",1
"si ammette\"\" https://t.co/BjyICt7hAt https://t.co/bXEqhk78jE\"",1
"Uncompromising: In Harlem for¬†#RiseUpOctober\"\"  http://t.co/zOsPXdqiJf http://t.co/gWZc2HeVh1'\"",1
"STOP WEARING SHIT FOR OTHER PEOPLES ACCEPTANCE\"",1
"Gimmie Climate Change Denial!\"\"\"",1
"Obama is killing Africans with drones. +\"",1
"—Ç–æ –†–§ –æ–±—Ä–µ—á–µ–Ω–∞.\"",1
"–û–ö–ë –°—É—Ö–æ–≥–æ –ø—Ä–µ–¥—Å—Ç–∞–≤–∏–ª–æ —Å–º–µ—Ç—É –ø–æ —Ä–∞—Å—Ö–æ–¥–∞–º ... https://t.co/KSe6QvLXdz\"",1
"because demanding submission and obedience reveals the means of domination\"",1
"–ø–æ–¥–∫—É–ø –∏ —Ç.–¥. (–û–ë–ù–û–í–õ–Ø–ï–¢–°–Ø) https://t.co/5GD50RpuwQ –°–ø–µ—Ü–∏–∞–ª—å–Ω–æ –¥–ª—è \"\"–æ—Å–ª–µ–ø—à–µ–π\"\" –≠. –ü–∞–º—Ñ–∏–ª–æ–≤–æ–π\"",1
"–∞ –í–æ–ª–∞–Ω-–¥–µ-–ú–æ—Ä—Ç https://t.co/9AxbGvq06N\"",1
"I doubt that.\"\" #Big #CantStopWontStop https://t.co/RKWqXh8wfN\"",1
"–º—É—Ñ—Ç–∏–π –¢–∞—Ç–∞—Ä—Å—Ç–∞–Ω–∞ –ö–∞–º–∏–ª—å https://t.co/mPwE7Rx3ok\"",1
"\"\" says #ItalianChef Antonella Ricco. #ChefLife https://t.co/KPCYXFNIYV\"",1
"2016. #nude #painting #art #erotic #impressionism #artwork #Tate https://t.co/VS1RkFfQmI\"",1
"–∏ –ø–æ—ë—Ç\"\" ÔøΩÔøΩ guess whooo? ÔøΩ –ê –≤–æ—Ç –ø–æ–ø—Ä–æ–±—É–π—Ç–µ",1
"you'll never finish.\"\" - Denzel Washington at the #ImageAwards https://t.co/bPQQeJDCT2\"",1
"Marc Chagall. https://t.co/KE7bUfUL0l\"",1
in my opinion,1
"–ø–æ–∫—É–ø–∞—Ç—å —Ä–æ—Å–∫–æ—à–Ω—ã–µ –¥–æ–º–∞ —Ç—è–∂–µ–ª—ã–π —Ç—Ä—É–¥!\"",1
"il tweet di Medici senza frontiere https://t.co/63MvhKoEMd https://t.co/UJRp9zWzR3\"",1
"and our country. The NFL has to change.\"\" https://t.co/VfzqXmri22\"",1
this is me,1
"Gucci over er booty\"\"\"",1
"we're doing nothing.\"\" https://t.co/mkusGaWczb\"",1
"and more jobs for American truckers and for American workers.\"\" https://t.co/gZe8mvpay3\"",1
"–æ–∫–∞–∑–∞–ª–∏—Å—å —é–Ω—ã–º–∏ –µ–¥–∏–Ω–æ—Ä–æ—Å—Å–∞–º–∏  –î–∞–∂–µ —Ñ–µ–π–∫ –Ω–µ –º–æ–≥—É—Ç —Å–¥–µ–ª–∞—Ç—å –Ω–æ—Ä–º–∞–ª—å–Ω–æ https://t.co/WDdrCMkq76\"",1
–ø—Ä–µ–¥–≤–æ–¥–∏—Ç–µ–ª—å,1
"plagued his presidency.  https://t.co/XgoXNS83eg\"",1
"–∑–∞–¥–µ—Ä–∂–∞–ª–∏ –ø—Ä–æ—Ç–µ—Å—Ç—É—é—â–µ–≥–æ –∏ –ø–µ—Ä–µ–¥–∞–ª–∏ –µ–≥–æ –ø–æ–ª–∏—Ü–∏–∏.\"\"  –¢—É—Ç –∏ –¥–æ–±–∞–≤–∏—Ç—å –Ω–µ—á–µ–≥–æ. –í –ª—É—á—à–∏—Ö —Ç—Ä–∞–¥–∏—Ü–∏—è—Ö\"",1
Bill changed a few in the cabinet,1
"I'm a people person.\"",1
"–°–æ—á–∏\"\" —Å–ø–æ—é—Ç –Ω–∞ —Ñ–µ—Å—Ç–∏–≤–∞–ª–µ \"\"–ê–∫–≤–∞–¥–∂–∞–∑\"\" http://t.co/x7OndAvqnK\"",1
Melbourne,1
thorax,1
or Germans how to live,1
"your career is done here.\"\" https://t.co/SoaYXvTKoo\"",1
"59 Irish companies have made new investments in this country. So we are bringing jobs and good jobs to America\"\" https://t.co/VGbtmZONNy\"",1
"nothing will change. https://t.co/5m4ZwWJBjd\"",1
"because I am gentle and humble in spirit; and you will find rest.‚Äù Matt. 11:29\"",1
"and intellectual property. The days of the U.S. being taken advantage of are over.\"\" https://t.co/Dk4h0TY8d4\"",1
"when voters may reelect. https://t.co/iqItO8OpxA\"",1
"but not for the better.\"\" @tmillennialpost #MAGA https://t.co/RswUVGSeWP https://t.co/RLL8GmjflL\"",1
"and tax cuts have just been passed.\"\" https://t.co/uKPZEEexOV\"",1
in part,1
"AND PROBAB‚Ä¶\"\" https://t.co/DemJoplYhp\"",1
"000 emails.\"\" #Hannity https://t.co/izm3d2VDXx\"",1
if I gotta give her up,1
"a problem.\"\"  Duke‚Ä¶ https://t.co/LeCoAxVzkh\"",1
"those are the countries where ISIS is active now.\"",1
she & Obama slipped weapons in to enemy,1
"car on refuse la #paix. #Djihad #Sharia #MonEnfantEstChelou https://t.co/EIlPVfoNBq\"",1
"conspiracy theorist.\"\" https://t.co/W7B8JYKJvT\"",1
"disrespect the natl anthem!\"",1
"and most lethal force in the world.\"\" - General James Mattis https://t.co/lif3tWHZPi\"",1
"but Obama never intended to enforce it.  RT if you want Trump to enforce it https://t.co/NNYMgx7T1F\"",1
"\"\"punch that lil girl in her face\"\" https://t.co/KsrsGucXER https://t.co/yV2OdRIy4o\"",1
"‚Ä¶ https://t.co/NcTXc17ThB\"",1
getting down,1
Scandinavia,1
"ÔøΩ https://t.co/6JT9gU6YYc\"",1
so bitterly criticised by the commentariat,1
"they got no problems with.'\"",1
the answer is clear armed security. It's the only security  solution that is proven to work,1
turn DNC into money laundromat,1
"charlesmurray‚Ä¶ https://t.co/CxxbjF2HkA\"",1
quite frankly,1
—è –±–æ—é—Å—å –®–æ–π–≥—É,1
"–∫–æ–≥–¥–∞ –≤–æ–∑–æ–±–Ω–æ–≤—è—Ç—Å—è —ç–Ω–µ—Ä–≥–æ–ø–æ—Å—Ç–∞–≤–∫–∏ –≤ –ö—Ä—ã–º https://t.co/ki4G0lhgie\"",1
that I will never live for the sake of another man,1
"etc despite ZERO evidence? Just want to be clear. https://t.co/f9GLyk35Wp\"",1
"is the one pushing impeachment?\"\" https://t.co/Pj0tpHMdCZ\"",1
"Hillary Clinton threatened girls  @DanScavino @MayorRGiuliani https://t.co/GXnS4m3wNw https://t.co/EQJ8Thpmcg\"",1
& the Loony Liberals are mad @ Comey,1
"death to USA\"\"ÔøΩ https://t.co/ef8f6jWfQy\"",1
"mother fucker\"\"  #MyBestFriendsInFourWords\"",1
to hit the bottom. If you lie on the grass,1
"and Pepe\"\"  but we'll let it slide this time üëáüëá https://t.co/1mz4obHmPi https://t.co/u6QbO9cKaD\"",1
"and the vote on the UN resolution. https://t.co/qrHT2aOMGI\"",1
"Evil &amp; Despicable\"\"ÔøΩÔøΩ #MarchForLife https://t.co/3blERMGS0s\"",1
"huh @Nestle? https://t.co/xrOmlQ2mWs\"",1
occasionally,1
KKK,1
"then the NYT's wrote about‚Ä¶\"",1
"because we were dissatisfied with the prior administration.\"\" #Hannity https://t.co/TuGieDj6ui\"",1
"\"\" said Meryl Streep during term of POTUS who made nuns buy birth control.\"",1
"Trump voters???\"\" https://t.co/f42prSblFc\"",1
"\"\" now Catholics/Evangelicals! What a gem! ÔøΩ   https://t.co/9FrDQHGAPK\"",1
"not Steve Bannon. It is President Trump. The man who won more GOP primary votes than any primary candidate in the history of our party. ~ @kayleighmcenany https://t.co/GgXEpuAwKO\"",1
"give us money.\"\"  De‚Ä¶ https://t.co/xp1pdkbktG\"",1
"we were not believed.\"\" #Clinton25 https://t.co/ihUSVkYvGz\"",1
"who not only helped with the trip to Haiti but also helped with a previous trip that we took.\"\" https://t.co/J8i4OiedHj\"",1
–¥–æ–º–∞,1
went to the House Intelligence Committee safe vault on a Sunday afternoon to read the 4-page memo,1
"Who does Silvio use?\"",1
"and written into the soul of humankind.\"\" https://t.co/tyUZGTecDY\"",1
"\"\" in the head with a pipe. #MyUselessSuperpower\"",1
"and let us have done with you. In the‚Ä¶ ‚Ä¶\"",1
"irrelevance.\"",1
"take her down.\"\" #OReillyFactor https://t.co/JQ5wImZZfA\"",1
"congratulations you're going to the US.\"\" ~ President Trump  https://t.co/uCI2LY74Db\"",1
"work f‚Ä¶ ‚Ä¶\"",1
"you can deceive...and you still  get to skate away.\"\" https://t.co/9obbjfICZV\"",1
"and is delivering.\"\" https://t.co/l5VeHcBXeu\"",1
"I don't have the strength to leave my bed today.\"\"\"",1
"OMV http://t.co/KqKKk8fBiC #–í–≠–§ #EEF\"",1
time after time,1
Deep State,1
fuck it,1
"this super agent guy at the FBI... he needs to be right there answering our questions.\"\" https://t.co/6XZJEjwLJz\"",1
"\"\" you sure seem privy to and invested in some very subjective data. You sound desperate. https://t.co/MtIvjMeWbv\"",1
"2/27/16 https://t.co/nd1s8LOm4c\"",1
"Iran and the Russians has just been  uncovered in an investigative story by Politico. \"\" @nypost\"",1
religion or political party,1
"—Ç–µ–ø–µ—Ä—å –±—É–¥–µ–º –±—É–Ω—Ç–æ–≤–∞—Ç—å)))))))\"",1
"and goblins. What more could you possibly want?\"\" #western #fantasy https://t.co/XbexZ9X4eW https://t.co/b1vrCnQy1Y\"",1
"calling it social engineering of the worst kind.‚Äù\"",1
"We a‚Ä¶ https://t.co/AryzmJ13OS\"",1
"—Å—Ç–æ–∏—Ç —Ç–µ–±–µ –∑–∞–¥–∞—Ç—å –µ–º—É –≤–æ–ø—Ä–æ—Å—ã'\"",1
"Cripples Blacks #tcot\"",1
"vanity candidate supreme http://t.co/LAZAUsoeyz\"",1
"and \"\"rare\"\".  But truth is",1
"\"\" one GOP strategist said http://t.co/Po2Q14wnch\"",1
"+ WILL Get Nukes #tcot\"",1
"with transgender transformations. http://t.co/FUsq6nJOHV\"",1
"\"\" you moron. @justthetruth_g @Die__Trying_\"",1
"They Want Us ALL Dead!\"",1
"Pro-Independence.\"\"\"",1
"–∑–∞—è–≤–∏–ª –≥–µ–Ω–¥–∏—Ä–µ–∫—Ç–æ—Ä –∫–ª—É–±–∞ https://t.co/pGsJpo3540\"",1
"‚Äô they go to my wedding.\"\" http://t.co/Kbmo8xLZ4p\"",1
"which did NOTHING AGAINST‚Ä¶\"\" ‚Äî Dr. Max https://t.co/8YokEA24dJ\"",1
with advantages,1
such as Representative Paul Ryan,1
"according to your word.\"\" Psalm 119:108\"",1
"and young people\"\"\"",1
"excised and discarded.\"\"  What is Jeb?\"",1
"thinking. https://t.co/iPJTAJUqJs\"",1
–≤–æ–∑–±—É–∂–¥–∞–µ—Ç,1
"GA Sprayberry High School for HERO Lance Cpl Skip Wells.  #RIP... ¬†\"\" http://t.co/zoOegbtDD7\"",1
"—Å–∏—Ä–∏–π—Ü—ã\"\"\"",1
"—Å–µ–ª –≤ –ú–æ—Å–∫–≤–µ –∏–∑-–∑–∞ —Ç—Ä–µ—Å–Ω—É–≤—à–µ–≥–æ —Å—Ç–µ–∫–ª–∞.   http://t.co/o8OjJhcaAa http://t.co/qbqezqm9zM\"",1
"legal &amp; accessible\"\". This is Abortion Extremism in the American @DNC https://t.co/JavJNeDHAc\"",1
"&amp; blue. It doesn't matter‚Ä¶ https://t.co/SfiDrKFd7t\"",1
"how many kids have to die before the govnt wakes up?\"\"\"",1
"- —Ä–∞—Å—Å–∫–∞–∑—ã–≤–∞—é—Ç –Ω–∞–º –µ–≤—Ä–æ—É–∫—Ä—ã –∏ –ª–∏–±–µ—Ä–∞–ª—ã.  –õ–µ–≤ –©–∞—Ä–∞–Ω—Å–∫–∏–π \\| Official https://t.co/Sn78IQPlir\"",1
"Trump will be President till 2024‚Ä¶ https://t.co/byZfVgNypd\"",1
"—á—Ç–æ –º–∏–Ω—É—Å –æ–¥–∏–Ω - —ç—Ç–æ –¥–≤–∞!\"\"  –ù—É",1
"is part of Huck's stump speech in Iowa today.\"",1
"–ø—Ä–µ–∑–∏–¥–µ–Ω—Ç–æ–º –∫–∞–∫–æ–π —Å—Ç—Ä–∞–Ω—ã –æ–Ω–∞ —Ö–æ—á–µ—Ç —Å—Ç–∞—Ç—å.\"",1
"\"\"Yeah",1
"NCAA and UFC Champion in Sports History: BROCK LESNAR!!\"\" #UFC199'\"",1
"–∞ –µ—â–µ –º–µ–Ω—è –±–µ—Å–∏—Ç \"\"–õ–µ–Ω–∏–Ω–≥—Ä–∞–¥\"\"\"",1
"- –∑–∞—è–≤–∏–ª —É—á–µ–Ω—ã–π –†—É—Å—Å–∫–æ–π —Å–ª—É–∂–±–µ –ë–∏-–±–∏-—Å–∏.\"",1
"are captives of their right wing.\"\" -- True Conservative Donald Trump",1
"on EPA's Lisa Jackson\"",1
"\"\"–ü–∞–¥–∂–µ—Ä–æ –°–ø–æ—Ä—Ç\"\"\"",1
"Are Discovered ¬† via @AllenWestRepub\"\" http://t.co/Jl32A4pZbd\"",1
right,1
"–†–§–° —á–µ—Å—Ç—å —Å—Ç—Ä–∞–Ω—ã –ù–ï –∏–Ω—Ç–µ—Ä–µ—Å—É–µ—Ç https://t.co/DepZuy4xK9\"",1
"excised and discarded.\"\"\"",1
"\"\"‚Ä¶ http://t.co/ypUvXJP8dI \"\" #SportsRoadhouse\"",1
"the human race.\"\"‚Ä¶ https://t.co/k4OHR1DKfr\"",1
"But GREAT DIVIDER #tcot\"",1
"and at their respective duty... http://t.co/NBn6FUVHQJ\"\"\"",1
–Ø—Ü–µ–Ω—é–∫ –∏ –ö–æ –Ω–∞—Ä–∞—â–∏–≤–∞—é—Ç –≤–Ω–µ—à–Ω–∏–π –¥–æ–ª–≥,1
dies in El Paso,1
"–∫–∞–∫ —É –∫–∞–Ω–∞—Ä–µ–π–∫–∏ —Å–ø–µ—Ä–º—ã!–ü–æ—Ä–∞ —É–∂–µ –≤–µ—Å—å –Ω–∞—Ä–Ø–¥–Ω—ã–π –°–æ–≤–µ—Ç –≤ –ö–∏–µ–≤ –Ω–∞ —Ñ—É—Ç–±–æ–ª –æ—Ç–ø—Ä–∞–≤–∏—Ç—å!üòú'\"",1
"I hate #WhitePeople. Deal with it.\"\" @MTV @DefineAmerican @emergingUS\"",1
"or the Twitter.\"\" He quickly added.\"",1
"has \"\"done what‚Ä¶ https://t.co/OZGB4OOSpe\"",1
"We all Bleed the same Re‚Ä¶ https://t.co/AryzmJ13OS\"",1
"exhilarating' to find solutions.\"",1
Mary Gatter,1
"the Pew... http://t.co/m8vMKDjcGp\"",1
"and too polarizing‚Äù http://t.co/EsYvh1TVO7\"",1
not a lawyer,1
"April 2015...and uh..\"",1
"impressive record.\"\" -- Noted Rick Perry critic and Border Patrol Officer Donald Trump on Rick Perry",1
"Any F‚Ä¶ https://t.co/mhurSgWNAT\"",1
"–º–µ–∂–¥–æ–º–µ—Ç–∏—è - —ç—Ç–æ –∫ –ø–µ—Ä–µ–≥–æ–≤–æ—Ä–∞–º –Ω–µ –æ—Ç–Ω–æ—Å–∏—Ç—Å—è\"\" http://t.co/gQ9xwRHokL\"",1
"honored with Navy ship in her name: http://t.co/zKolerz0La\"",1
"Courageous Story\"\" üëâBuy‚Ä¶ https://t.co/vGA0kDaBUX\"",1
"her own life...and Designing Women: https://t.co/iD7KVeVpCl\"",1
"\"\" Bannon said. \"\"I want them to talk about racism every day. If the ‚Ä¶\"",1
"that has done everything in ‚Ä¶ https://t.co/e1x14EGZgg\"",1
"ure just lucky 2 get out alive\"",1
"SHARE........‚Ä¶ https://t.co/f3vU2uPaNW\"",1
"and Modern Democracy\"\"  #ObamaNextJob\"",1
width,1
"che bello il nuovo ruolo https://t.co/HpBWmlDOtd #serieA #roma https://t.co/S5YyfkDqSl\"",1
"&amp; violence in the strongest possible terms.\"\"   RETW‚Ä¶\"",1
"migranti\"\" https://t.co/LkUTD7Qfgw\"",1
Thai,1
"da qui riparto\"\" https://t.co/NxjRkr9wpF\"",1
"Hoist ‚ÄòAntifa‚Äô Flag. This was ‚Ä¶ https://t.co/1jhxpgr1cX\"",1
SUPREME COURT,1
"–î–ê! –ï–î–ê! http://t.co/0NpAC2vMSL\"",1
"and Neo-Nazis After Deadly Charlottesville Pro‚Ä¶\"",1
"migranti\"\" https://t.co/ZdzeV8VsCW\"",1
One Heart,1
its not me,1
"riguardato anche aziende al centro di servizi tv\"\" #ANIMALICOMENOI https://t.co/osJgUPABwt'\"",1
"&amp; good ‚Ä¶ https://t.co/4I2rgxxkYb\"",1
"and cherish each other.\"\"  Beautiful words",1
"–æ—Å–≤–æ–±–æ–∂–¥–µ–Ω –ø–æ –∞–º–Ω–∏—Å—Ç–∏–∏ http://t.co/UWFWsdAkf8\"",1
"won't you tell me your name?\"\" #WeirdWalmartGreetings\"",1
"every day!\"",1
"no sleep 2nite fights when she's on deployment. Don't worry tho. She wrote it all down. #ArmyWomenProblems\"",1
"Thinks Like a Globalist: McMaster is a Globa‚Ä¶\"",1
"–ø—É—Å—Ç—å –Ω–∞—Å –±–æ–∏—Ç—Å—è –≤–µ—Å—å –º–∏—Ä –∏ –≤—Å—è –ï–≤—Ä–æ–ø–∞\"\"  https://t.co/XtHFRycabF https://t.co/jiLfo1uIOk\"",1
"You Are Safe!‚Äù\"\"\"",1
"don't worry\"\"  ~ Barack https://t.co/SGzJOPdlXA\"",1
that's my bitch,1
"SHARE........‚Ä¶ https://t.co/oMWLuDwN55\"",1
"sperimentale.\"\"\"",1
"dangerous rhetoric\"\" was exactly what was needed.   Holding ‚Ä¶ https://t.co/D2PigW0svC\"",1
"\"\"eau\"\" \"\"ecu\"\"",1
"his third interview medi‚Ä¶ https://t.co/1zZ9z2l1ho\"",1
dog,1
"then who's flying the plane!?\"\"\"",1
"kale!!!\"\"?\"",1
"risking lives\"\"\"",1
"give us money.\"\"  De‚Ä¶ https://t.co/acNMTBYCdw\"",1
"Going to Build Your Stupid Wall‚Äù (Video)\"\"\"",1
"10 ast.\"",1
"baby #TrumpenASong\"\"\"",1
"immer kann dabei #Merkel herauskommen.\"\" #W√§hleAfD #BTW17 #AfD\"",1
"It Is Taken. #Tr‚Ä¶\"",1
"\"\"sitting for president\"\" would be more my kind of candidacy.\"",1
"ho mal di schiena\"\" https://t.co/vIBFrNtfOx #serieA #roma https://t.co/HSFV8ihaRR\"",1
"right? https://t.co/RAVRDCBNaV re‚Ä¶\"",1
"we won. 11/8/2016.\"",1
"29/03/2017 dalle 18 a Spazio ELF https://t.co/T6oicWCvwd https://t.co/8M74LPRANC\"",1
"walking the dog..\"",1
"Sweet potato pie and I shut my mouth.\"\" #Fl‚Ä¶ https://t.co/eIeyyRjVbG\"",1
"Heavy Secret Service Presence ‚Ä¶\"",1
"and faith built this nation.\"\" https://t.co/BFtdkWgBAt\"",1
"&amp; incite ‚Ä¶\"",1
"you'r‚Ä¶ https://t.co/thLsjZBfR4\"",1
"then DNC would have no choice but 2 #dropHill https://t.co/8Q8hcbD4b6\"",1
"Very Good Wife. #HillaryPickUpLines https://t.co/sPy2q41ItL\"",1
"etc. I have no rational intelligent argument so 'Trump is crazy'\"\" https://t.co/djf3Gn7dcW\"",1
"what!\"\" https://t.co/1GArZBte8N\"",1
"George HW Bush signed NAFTA\"\"  Verdict: false https://t.co/FPS5vxPaqv\"",1
"Hoist ‚ÄòAntifa‚Äô Flag. This was ‚Ä¶ https://t.co/vdNCVLzrD4\"",1
"right? https://t.co/Ugyc2nZ8WK\"\"\"",1
France,1
"pahrupapumpum\"\". https://t.co/gZ0D2xrHtv\"",1
"3 –º–ª—Ä–¥? –¢–æ–≥–¥–∞ &q.. https://t.co/tzTWbf73r8\"",1
"Hoist ‚ÄòAntifa‚Äô Flag. This was ‚Ä¶ https://t.co/9aOITukMV0\"",1
"every‚Ä¶ https://t.co/qQKNvwrPqc\"",1
"—Å—á–∏—Ç–∞–µ—Ç –ì–æ—Ä—à–∫–æ–≤ https://t.co/yzIqYL4Lgw https://t.co/a9si0cs5gz\"",1
"Neo-Naz‚Ä¶ https://t.co/2rm90dhIYe\"",1
"—á—Ç–æ–±—ã –∏–∑–≤–∏–Ω–∏—Ç—å—Å—è https://t.co/wumCUs4snG\"",1
"a Problem.\"\" on NBC‚Äù by VoteDocBryant  https://t.co/5uLj01Hvuw\"",1
"charlesmurray‚Ä¶ https://t.co/MLk1R06OGk\"",1
"at least you ... Yeah I got nothin.\"\"\"",1
"and a thief to be president\"\" #FollowTheMoney https://t.co/UJJ7sKlb3C\"",1
"–æ–¥–µ—Ä–∂–∞–ª–∏ 13-—é –ø–æ–±–µ–¥—É –ø–æ–¥—Ä—è–¥ –≤ –ï–¥–∏–Ω–æ–π –ª–∏–≥–µ –í–¢–ë @VTBUL https://t.co/bbMsdcyAWy https://t.co/5gZnNMaCow\"",1
"&amp; good ‚Ä¶ https://t.co/1nO97ko509\"",1
"lose the Crocs! NOW!\"\" #SuperheroWeDeserve\"",1
"which maggieNYT hasn't deleted yet.  Why is th‚Ä¶ https://t.co/N2OG9XQm5W\"",1
"‚Ä¶ https://t.co/iKQFYhGk0z\"",1
"charlesmurray‚Ä¶ https://t.co/ecDvvcdMG0\"",1
"–∂–∏–∑–Ω—å\"\": –∫–∞–∫ –ú–æ—Å–∫–≤–∞ –æ—Ç–º–µ—Ç–∏—Ç –ü–µ—Ä–≤–æ–º–∞–π https://t.co/Aq5RwHseWh https://t.co/cTiFHiibSO\"",1
"\"\" - everyone on Twitter\"",1
"& protect Hillary's irrational imm plan.\"",1
"she wants to F‚Ä¶ https://t.co/ajJOrGllIH\"",1
"ifyanowutimean.    #HillaryPickUpLines\"",1
racism,1
"–∑–∞—è–≤–∏–ª –®—É–Ω–∏–Ω https://t.co/t15AtVnH3C https://t.co/8QDMaq4jsh\"",1
and I support having to get very tough if we have to,1
"—á—Ç–æ –Ω–µ —Ö–æ—Ç–µ–ª –Ω–∞–Ω–µ—Å—Ç–∏ –û–≤–µ—á–∫–∏–Ω—É @ovi8 —Ç—Ä–∞–≤–º—É https://t.co/x5BrZvVkdi ¬© AFP https://t.co/HpnF4e1jTW\"",1
"we're having a slight problem.\"\" https://t.co/09yQKFasUx\"",1
ministre turc des affaires √©trang√®res,1
"that's no problem - we're the Secret Service!\"\" #HillaryPickUpLines\"",1
"how about moving there?!?!\"\"‚Ä¶ https://t.co/4cWqPNROlA\"",1
"they are j‚Ä¶\"",1
"to avoid trouble\"",1
"—Å—Ç–∞–ª–æ —Ä–µ—à–∞—é—â–∏–º –∏ –≤ –¢—É—Ä–∏–Ω–µ ‚Äì –°–∞–Ω—Ç—É https://t.co/RiG8Uhzy0s\"",1
"you s‚Ä¶ https://t.co/0QI5ocOtMu\"",1
say a prayer for my unit,1
"which maggieNYT hasn't deleted yet.  Why is th‚Ä¶ https://t.co/G90mkEymMc\"",1
"–æ–Ω –¥–∞–∂–µ –≤–æ–∑–º—É—â–∞–µ—Ç - –ì–∞–¥–∂–∏–µ–≤ https://t.co/GbcithQDgn https://t.co/a4gn1OZ3wt\"",1
"—Å—á–∏—Ç–∞–µ—Ç –°–∞—Ä—Å–∞–Ω–∏—è https://t.co/I2bugxL8nI https://t.co/GSJHbU4NR2\"",1
"like sheep to the slaugh‚Ä¶ https://t.co/iBfWB8GGHq\"",1
"or political marijuana.. nice of him to offer self as an example! https://t.co/de4ySm80zd\"",1
"–ï–º–µ–ª—å—è–Ω–æ–≤ –Ω–µ –ø–æ–ª–µ—Ç–µ–ª–∏ –≤ –ì—Ä–æ–∑–Ω—ã–π –Ω–∞ –º–∞—Ç—á –ß–† - –¢–∞—Ä—Ö–∞–Ω–æ–≤ https://t.co/HN6ElXLT7h https://t.co/aT3xqqZ9FF\"",1
"so long?\"",1
"\"\" and \"\"take away Hillary's guns.\"\" No one cares.\"",1
"but you don't even ask with respect https://t.co/qF50WM2GA4\"",1
"no. They're trying to litera‚Ä¶ https://t.co/BKHOAupbqu\"",1
–º—É–∂—á–∏–Ω–∞,1
"you probably haven't heard of it.\"\"   #HipsterCrimes @midnight\"",1
"–Ω–∞—è–±–µ–¥–Ω–∏—á–∞–ª–∏ –Ω–∞ –û–≤–µ—á–∫–∏–Ω–∞ –≤ –ù–•–õ –∑–∞ –µ–≥–æ –∂–µ–ª–∞–Ω–∏–µ –ø–æ–µ—Ö–∞—Ç—å –Ω–∞ –û–ª–∏–º–ø–∏–∞–¥—É. –î.–ë. https://t.co/pERbkytVBa\"",1
"–ø–µ—Ä–µ–¥–∞–ª –≤—Å–µ —Å–æ–±—Ä–∞–Ω–Ω—ã–µ –¥–ª—è –Ω–µ–≥–æ –¥–µ–Ω—å–≥–∏ –ø–æ—Å—Ç—Ä–∞–¥–∞–≤—à–∏–º https://t.co/SsAj5zSJ7L\"",1
Be AWARE,1
"but‚Ä¶ https://t.co/XpQUTTY3c6\"",1
"the whole alphabet scares me.\"\" https://t.co/QZNC6E3xVD\"",1
"shining like bright lights in a world full of crooked and perverse people\"\"\"",1
"on both screen\"",1
—á—Ç–æ —Ç–∞–∫–æ–µ –ø–æ–ª–∏—Ç–∏–∫–∞,1
"as it looked similar. BIG MISTAKE  #ThingsDoneByMistake\"",1
"–°–µ—Ä–≥–µ–π! https://t.co/fd1ahJmSGv\"",1
"–≤—Å—ë!.'\"",1
"punk? #OneWordOffMovieQuotes @midnight\"",1
"- –∑–∞—è–≤–∏–ª –ú–µ–¥–∏–Ω—Å–∫–∏–π http://t.co/coAv5c5RCb\"",1
–ø–æ –º–Ω–µ–Ω–∏—é —Å–æ–∑–¥–∞—Ç–µ–ª–µ–π,1
"queer is an intersection of what I'm fighting‚Ä¶\"",1
"make me dwell in safety.\"\" Psalm‚Ä¶ https://t.co/eehxAb2Fdn\"",1
"–æ—Ç–∫—Ä–æ–≤–µ–Ω–Ω–æ: https://t.co/oKJesVytgY\"",1
"–æ–ø—Ä–æ—Å –ø—Ä–µ—Ä–≤–∞–ª–∏ https://t.co/5ihsYeVyRD\"",1
"loca: The Ricky Martin Story\"\" starring #ChristopherWalken'\"",1
"it's Christmas Day!\"\" Hurrah!\"",1
"–Ω–æ –ø–æ—Ç–µ—Ä—è–ª–∏\"\" https://t.co/YjOYPgeLKp\"",1
"I BEEN on\"\" #AlreadyHome\"",1
"–≤–µ—Ä–Ω—É–ª–∞ —Ñ–æ–Ω–¥—É –î–∏ –ö–∞–ø—Ä–∏–æ $159 —Ç—ã—Å—è—á http://t.co/7SJASyLdAF\"",1
"DON'T BACK DOWN &amp; NEVER STOP DOING WHA‚Ä¶ ‚Ä¶\"",1
"–Ω–æ –Ω–µ–≤–µ—Ä–Ω–æ: –≤ —Å–ª.–∫–æ–Ω—Ñ–ª–∏–∫—Ç–∞ –°–®–ê —Ç—ã—Å—è—á–µ–π –Ω–µ –æ—Ç–¥–µ–ª–∞—é—Ç—Å—è\"",1
while I pretend I know what I'm talking about,1
"you s‚Ä¶ https://t.co/FKvhw3tSow\"",1
"come and arrest me.\"\" #Tu‚Ä¶ https://t.co/JBneSpeNTu\"",1
PA,1
"—Å–æ–æ–±—Ä–∞–∂–∞–π—Ç–µ –±—ã—Å—Ç—Ä–µ–µ.\"",1
"and Populism: The Miseducation of the Public\"\" https://t.co/yDIOWIGS9g\"",1
"—Å–ø—Ä–∞—à–∏–≤–∞–π(—Å)\"",1
"–≤—Å–ø–æ–ª–æ—à–∏–ª–∞ –º–∏—Ä–æ–≤—É—é –õ–ì–ë–¢-—Ç—É—Å–æ–≤–∫—É https://t.co/CWPGi77TW5 https://t.co/blBomBztcz\"",1
"and I support having to get very tough if we have to to pr‚Ä¶ https://t.co/iHc39D4CwI\"",1
"don't threaten the‚Ä¶\"",1
N,1
"–Ω–æ –ø–æ–∫–∞ –Ω–µ –∫—Ä–∏—á–∏–º –æ–± —ç—Ç–æ–º\"\"  http://t.co/rX5xdClqI9 http://t.co/dAH4uGDY1Z\"",1
"–ü—Ä–∞–≥—É –æ—Å–≤–æ–±–æ–∂–¥–∞–ª–∏ —Å–æ–ª–¥–∞—Ç—ã –≤ –¥—Ä—É–≥–æ–π —Ñ–æ—Ä–º–µ. https://t.co/XCi4pD5E9t\"",1
"—á—Ç–æ —Ç–µ–±—è –æ—Ç–¥–µ–±–∞—Ç—è—Ç –∏–ª–∏ –æ—Ç–¥–µ–±—É—Ç. https://t.co/fPvNFbLMqL\"",1
"had to deal with anything like this? #Hannity #OpeningMonologu‚Ä¶\"",1
–ø–∞–º–ø–µ—Ä—Å—ã,1
"–∏ —Å –¢–∞—Ç—å—è–Ω—ã –ï—Ä–∏–ª–∫–∏–Ω–æ–π https://t.co/5esyuf2vkq\"",1
"think Google.\"",1
"etc.\"",1
"YOU are SAFE !\"\"  #NorthKorea  ‚úîÔ∏èThank ‚Ä¶ https://t.co/z3HruXDPVo\"",1
"and I support having to get very tough if we have to to pr‚Ä¶ https://t.co/Ag6eliJQfJ\"",1
"painfully)\"",1
xenophobic,1
"FIT to lead our country. Corruption is not a POTUS‚Ä¶\"",1
"or shielding from detection‚Ä¶\"",1
"Fire-spraying a‚Ä¶ https://t.co/oSQ69ghY4B\"",1
